anio,trimestre,mes,fecha,cba_adulto_equiv,inversa_engel,cbt_adulto_equiv,fuente
2000,3,9,2000-09-20,62.440000000000005,2.4199999999999995,151.1,INDEC historica
2000,4,10,2000-10-20,64.3,2.4099999999999997,154.95,INDEC historica
2000,4,11,2000-11-20,63.470000000000006,2.4299999999999997,154.23,INDEC historica
2000,4,12,2000-12-01,62.760000000000005,2.4499999999999997,153.75,INDEC historica
2001,1,1,2001-01-01,62.73000000000001,2.4499999999999997,153.69,INDEC historica
2001,1,2,2001-02-20,62.73000000000001,2.4499999999999997,153.69,INDEC historica
2001,1,3,2001-03-20,62.92,2.4399999999999995,153.52,INDEC historica
2001,2,4,2001-04-01,63.24,2.4399999999999995,154.3,INDEC historica
2001,2,5,2001-05-20,62.74,2.4399999999999995,153.1,INDEC historica
2001,2,6,2001-06-20,61.760000000000005,2.46,151.93,INDEC historica
2001,3,7,2001-07-20,61.59,2.46,151.51,INDEC historica
2001,3,8,2001-08-01,61.370000000000005,2.46,150.96,INDEC historica
2001,3,9,2001-09-20,61.02,2.46,150.10999999999999,INDEC historica
2001,4,10,2001-10-20,60.5,2.48,150.05,INDEC historica
2001,4,11,2001-11-20,60.75,2.4699999999999998,150.05,INDEC historica
2001,4,12,2001-12-01,60.46,2.4699999999999998,149.32,INDEC historica
2002,1,1,2002-01-01,62.410000000000004,2.4699999999999998,154.16,INDEC historica
2002,1,2,2002-02-20,65.82,2.4499999999999997,161.26,INDEC historica
2002,1,3,2002-03-20,69.83,2.4299999999999997,169.7,INDEC historica
2002,2,4,2002-04-01,81.76,2.3699999999999997,193.76999999999998,INDEC historica
2002,2,5,2002-05-20,86.2,2.3499999999999996,202.57,INDEC historica
2002,2,6,2002-06-20,90.66999999999999,2.3199999999999994,210.36,INDEC historica
2002,3,7,2002-07-20,94.93,2.3,218.34,INDEC historica
2002,3,8,2002-08-01,100.94000000000001,2.25,227.1,INDEC historica
2002,3,9,2002-09-20,104.86999999999999,2.21,231.76999999999998,INDEC historica
2002,4,10,2002-10-20,103.74,2.22,230.31,INDEC historica
2002,4,11,2002-11-20,105.08,2.21,232.23,INDEC historica
2002,4,12,2002-12-01,105.72,2.2,232.59,INDEC historica
2003,1,1,2003-01-01,106.92,2.2,235.22,INDEC historica
2003,1,2,2003-02-20,107.56,2.19,235.56,INDEC historica
2003,1,3,2003-03-20,107.83,2.17,233.99,INDEC historica
2003,2,4,2003-04-01,106.55,2.18,232.28,INDEC historica
2003,2,5,2003-05-20,104.6,2.19,229.07,INDEC historica
2003,2,6,2003-06-20,103.13,2.21,227.92,INDEC historica
2003,3,7,2003-07-20,102.31,2.22,227.13,INDEC historica
2003,3,8,2003-08-01,102.08,2.21,225.6,INDEC historica
2003,3,9,2003-09-20,101.99,2.2,224.38000000000002,INDEC historica
2003,4,10,2003-10-20,104.11999999999999,2.19,228.02,INDEC historica
2003,4,11,2003-11-20,105.24,2.18,229.42,INDEC historica
2003,4,12,2003-12-01,105.76000000000002,2.19,231.60999999999999,INDEC historica
2004,1,1,2004-01-01,105.81,2.19,231.72,INDEC historica
2004,1,2,2004-02-20,106.16999999999999,2.19,232.51,INDEC historica
2004,1,3,2004-03-20,106.02,2.19,232.18,INDEC historica
2004,2,4,2004-04-01,106.52,2.19,233.29,INDEC historica
2004,2,5,2004-05-20,106.66,2.19,233.58,INDEC historica
2004,2,6,2004-06-20,106.88,2.19,234.08,INDEC historica
2004,3,7,2004-07-20,106.14,2.21,234.57,INDEC historica
2004,3,8,2004-08-01,107.90000000000002,2.19,236.3,INDEC historica
2004,3,9,2004-09-20,108.54000000000002,2.19,237.7,INDEC historica
2004,4,10,2004-10-20,108.1,2.2,237.82,INDEC historica
2004,4,11,2004-11-20,108.25,2.2,238.15,INDEC historica
2004,4,12,2004-12-01,108.36,2.21,239.48,INDEC historica
2005,1,1,2005-01-01,108.66,2.22,241.23,INDEC historica
2005,1,2,2005-02-20,111.36999999999999,2.21,246.13,INDEC historica
2005,1,3,2005-03-20,114.71,2.18,250.07,INDEC historica
2005,2,4,2005-04-01,114.18,2.19,250.05,INDEC historica
2005,2,5,2005-05-20,114.04000000000002,2.19,249.75,INDEC historica
2005,2,6,2005-06-20,114.49,2.2,251.88000000000002,INDEC historica
2005,3,7,2005-07-20,115.78,2.2,254.72,INDEC historica
2005,3,8,2005-08-01,117.5,2.18,256.15,INDEC historica
2005,3,9,2005-09-01,120.14,2.16,259.48999999999995,INDEC historica
2005,4,10,2005-10-20,120.7,2.17,261.91999999999996,INDEC historica
2005,4,11,2005-11-20,124.73,2.15,268.17,INDEC historica
2005,4,12,2005-12-01,124.59,2.16,269.11,INDEC historica
2006,1,1,2006-01-01,125.81,2.17,273.01,INDEC historica
2006,1,2,2006-02-20,127.19,2.16,274.72999999999996,INDEC historica
2006,1,3,2006-03-20,129.44,2.15,278.3,INDEC historica
2006,2,4,2006-04-01,128.49,2.16,277.54,INDEC historica
2006,2,5,2006-05-20,126.57,2.18,275.91999999999996,INDEC historica
2006,2,6,2006-06-20,126.61999999999999,2.19,277.3,INDEC historica
2006,3,7,2006-07-20,126.36,2.2,277.98999999999995,INDEC historica
2006,3,8,2006-08-01,126.68,2.2,278.7,INDEC historica
2006,3,9,2006-09-01,126.78,2.2,278.91999999999996,INDEC historica
2006,4,10,2006-10-20,127.88,2.2,281.3399999999999,INDEC historica
2006,4,11,2006-11-20,130.5,2.18,284.48999999999995,INDEC historica
2006,4,12,2006-12-01,134.14,2.17,291.0799999999999,INDEC historica
2007,1,1,2007-01-01,137.62,2.15,295.89,INDEC historica
2007,1,2,2007-02-20,138.73,2.15,298.2699999999999,INDEC historica
2007,1,3,2007-03-20,138.45,2.14,296.2799999999999,INDEC historica
2007,2,4,2007-04-01,138.58,2.14,296.57,INDEC historica
2007,2,5,2007-05-20,138.58,2.15,297.9599999999999,INDEC historica
2007,2,6,2007-06-20,139,2.15,298.86,INDEC historica
2007,3,7,2007-07-20,139.98,2.15,300.95,INDEC historica
2007,3,8,2007-08-01,143.05,2.14,306.13,INDEC historica
2007,3,9,2007-09-20,144.01,2.14,308.19,INDEC historica
2007,4,10,2007-10-20,144.79,2.15,311.28999999999996,INDEC historica
2007,4,11,2007-11-20,142.83,2.15,307.0899999999999,INDEC historica
2007,4,12,2007-12-01,143.1,2.16,309.1,INDEC historica
2008,1,1,2008-01-01,144.20999999999998,2.17,313.01,INDEC historica
2008,1,2,2008-02-20,145.5,2.16,314.19,INDEC historica
2008,1,3,2008-03-01,147.43,2.16,317.91999999999996,INDEC historica
2008,2,4,2008-04-01,148.09,2.16,319.44,INDEC historica
2008,2,5,2008-05-01,145.62,2.17,315.98999999999995,INDEC historica
2008,2,6,2008-06-01,147.10999999999999,2.17,319.86,INDEC historica
2008,3,7,2008-07-01,143.43,2.2,315.67,INDEC historica
2008,3,8,2008-08-01,142.04,2.2,312.63,INDEC historica
2008,3,9,2008-09-01,142.51,2.2,313.69,INDEC historica
2008,4,10,2008-10-01,143.1,2.2,314.9599999999999,INDEC historica
2008,4,11,2008-11-01,143.59,2.21,316.69,INDEC historica
2008,4,12,2008-12-01,143.7,2.21,317.1,INDEC historica
2009,1,1,2009-01-01,143.47,2.23,319.8399999999999,INDEC historica
2009,1,2,2009-02-20,142.96,2.24,320.7,INDEC historica
2009,1,3,2009-03-20,143.54,2.25,322.57,INDEC historica
2009,2,4,2009-04-01,143.8,2.25,323.92999999999995,INDEC historica
2009,2,5,2009-05-20,143.63,2.26,324.19,INDEC historica
2009,2,6,2009-06-20,144.16,2.26,325.98999999999995,INDEC historica
2009,3,7,2009-07-20,144.78,2.27,327.94,INDEC historica
2009,3,8,2009-08-01,146.70999999999998,2.26,331.76,INDEC historica
2009,3,9,2009-09-20,148.22,2.26,334.45,INDEC historica
2009,4,10,2009-10-20,150.13,2.25,338.38,INDEC historica
2009,4,11,2009-11-20,152.03,2.25,341.7799999999999,INDEC historica
2009,4,12,2009-12-01,155.94,2.24,348.67,INDEC historica
2010,1,1,2010-01-01,159.3,2.23,354.4599999999999,INDEC historica
2010,1,2,2010-02-20,166.86,2.19,366.12,INDEC historica
2010,1,3,2010-03-20,170.94,2.17,371.63,INDEC historica
2010,2,4,2010-04-01,172.04,2.16,372.3299999999999,INDEC historica
2010,2,5,2010-05-20,172.23999999999998,2.17,373.37,INDEC historica
2010,2,6,2010-06-20,173.73999999999998,2.17,377.17,INDEC historica
2010,3,7,2010-07-20,174.64,2.18,380.0899999999999,INDEC historica
2010,3,8,2010-08-01,176.58,2.17,383.98999999999995,INDEC historica
2010,3,9,2010-09-20,178.25,2.17,387.6600000000001,INDEC historica
2010,4,10,2010-10-20,184.39000000000001,2.16,398.55,INDEC historica
2010,4,11,2010-11-20,186.45,2.16,402.63,INDEC historica
2010,4,12,2010-12-01,187.23999999999998,2.16,405.35,INDEC historica
2011,1,1,2011-01-01,187.75,2.18,409.4599999999999,INDEC historica
2011,1,2,2011-02-20,187.79,2.19,411.48999999999995,INDEC historica
2011,1,3,2011-03-20,189.49,2.19,415.44,INDEC historica
2011,2,4,2011-04-01,191.05,2.19,419.3,INDEC historica
2011,2,5,2011-05-20,192.08,2.2,423.04,INDEC historica
2011,2,6,2011-06-20,192.93,2.2,425.3,INDEC historica
2011,3,7,2011-07-20,195.26,2.21,430.8999999999999,INDEC historica
2011,3,8,2011-08-01,197.26999999999998,2.21,436.0299999999999,INDEC historica
2011,3,9,2011-09-20,199.56,2.21,441.01,INDEC historica
2011,4,10,2011-10-20,201.37,2.21,444.2699999999999,INDEC historica
2011,4,11,2011-11-20,203.02,2.21,448.51,INDEC historica
2011,4,12,2011-12-01,205.31,2.21,454.48999999999995,INDEC historica
2012,1,1,2012-01-01,207.33,2.22,460.82,INDEC historica
2012,1,2,2012-02-20,209.98,2.22,465.3399999999999,INDEC historica
2012,1,3,2012-03-20,213.42,2.21,472.13,INDEC historica
2012,2,4,2012-04-01,216.26,2.21,477.2099999999999,INDEC historica
2012,2,5,2012-05-20,218.26,2.21,482.67,INDEC historica
2012,2,6,2012-06-20,220.6,2.21,487.85,INDEC historica
2012,3,7,2012-07-20,222.76999999999998,2.22,494.68,INDEC historica
2012,3,8,2012-08-01,226.22,2.23,503.37,INDEC historica
2012,3,9,2012-09-20,229.01,2.23,509.97,INDEC historica
2012,4,10,2012-10-20,230.75,2.23,513.7900000000001,INDEC historica
2012,4,11,2012-11-20,231.86,2.23,517.8499999999999,INDEC historica
2012,4,12,2012-12-01,232.70999999999998,2.24,522.14,INDEC historica
2013,1,1,2013-01-01,233.13,2.27,529.3099999999998,INDEC historica
2013,1,2,2013-02-20,233.47,2.27,530.4399999999999,INDEC historica
2013,1,3,2013-03-20,234.63,2.28,533.9299999999998,INDEC historica
2013,2,4,2013-04-01,234.94,2.28,535.73,INDEC historica
2013,2,5,2013-05-20,234.54,2.28,534.8099999999998,INDEC historica
2013,2,6,2013-06-20,236.58,2.3,543.48,INDEC historica
2013,3,7,2013-07-20,239.8,2.29,550.05,INDEC historica
2013,3,8,2013-08-01,242.49,2.2800000000000002,552.88,INDEC historica
2013,3,9,2013-09-20,242.9,2.29,555.9399999999999,INDEC historica
2013,4,10,2013-10-20,245.75,2.28,561.2800000000001,INDEC historica
2013,4,11,2013-11-20,249.06,2.27,566.4299999999998,INDEC historica
2013,4,12,2013-12-01,254.78,2.27,577.23,INDEC historica
2016,2,4,2016-04-01,1514.53,2.42,3663.66,INDEC serie reciente
2016,2,5,2016-05-01,1561.35,2.45,3830.77,INDEC serie reciente
2016,2,6,2016-06-01,1614.32,2.44,3942.67,INDEC serie reciente
2016,3,7,2016-07-01,1666.48,2.42,4033.76,INDEC serie reciente
2016,3,8,2016-08-01,1675.05,2.41,4041.87,INDEC serie reciente
2016,3,9,2016-09-01,1711.22,2.39,4089.82,INDEC serie reciente
2016,4,10,2016-10-01,1739.34,2.41,4191.81,INDEC serie reciente
2016,4,11,2016-11-01,1762.65,2.41,4247.99,INDEC serie reciente
2016,4,12,2016-12-01,1766.62,2.41,4257.55,INDEC serie reciente
2017,1,1,2017-01-01,1789.15,2.41,4311.85,INDEC serie reciente
2017,1,2,2017-02-01,1821.02,2.43,4425.08,INDEC serie reciente
2017,1,3,2017-03-01,1876.56,2.43,4560.04,INDEC serie reciente
2017,2,4,2017-04-01,1915.47,2.45,4692.9,INDEC serie reciente
2017,2,5,2017-05-01,1937.24,2.45,4746.24,INDEC serie reciente
2017,2,6,2017-06-01,1956.42,2.45,4793.23,INDEC serie reciente
2017,3,7,2017-07-01,1984.64,2.45,4862.37,INDEC serie reciente
2017,3,8,2017-08-01,2021.98,2.44,4933.63,INDEC serie reciente
2017,3,9,2017-09-01,2049.39,2.44,5000.51,INDEC serie reciente
2017,4,10,2017-10-01,2079.23,2.44,5073.32,INDEC serie reciente
2017,4,11,2017-11-01,2125.84,2.44,5187.05,INDEC serie reciente
2017,4,12,2017-12-01,2150.29,2.51,5397.23,INDEC serie reciente
2018,1,1,2018-01-01,2197.26,2.5,5493.15,INDEC serie reciente
2018,1,2,2018-02-01,2261.23,2.51,5675.69,INDEC serie reciente
2018,1,3,2018-03-01,2294.56,2.52,5782.29,INDEC serie reciente
2018,2,4,2018-04-01,2308.11,2.56,5908.76,INDEC serie reciente
2018,2,5,2018-05-01,2418.65,2.52,6095,INDEC serie reciente
2018,2,6,2018-06-01,2537.45,2.5,6343.62,INDEC serie reciente
2018,3,7,2018-07-01,2627.37,2.48,6515.88,INDEC serie reciente
2018,3,8,2018-08-01,2701.48,2.5,6753.7,INDEC serie reciente
2018,3,9,2018-09-01,2931.88,2.49,7300.38,INDEC serie reciente
2018,4,10,2018-10-01,3150.62,2.49,7845.04,INDEC serie reciente
2018,4,11,2018-11-01,3276.02,2.49,8157.29,INDEC serie reciente
2018,4,12,2018-12-01,3300.17,2.5,8250.42,INDEC serie reciente
2019,1,1,2019-01-01,3423.03,2.5,8557.58,INDEC serie reciente
2019,1,2,2019-02-01,3597.77,2.48,8922.47,INDEC serie reciente
2019,1,3,2019-03-01,3767.01,2.47,9304.51,INDEC serie reciente
2019,2,4,2019-04-01,3833.28,2.49,9544.87,INDEC serie reciente
2019,2,5,2019-05-01,3911.58,2.51,9818.07,INDEC serie reciente
2019,2,6,2019-06-01,4016.09,2.51,10080.39,INDEC serie reciente
2019,3,7,2019-07-01,4133.91,2.5,10334.77,INDEC serie reciente
2019,3,8,2019-08-01,4290.72,2.49,10683.89,INDEC serie reciente
2019,3,9,2019-09-01,4502.88,2.5,11257.2,INDEC serie reciente
2019,4,10,2019-10-01,4596.2,2.51,11536.46,INDEC serie reciente
2019,4,11,2019-11-01,4886.34,2.49,12166.99,INDEC serie reciente
2019,4,12,2019-12-01,5043.41,2.5,12608.52,INDEC serie reciente
2020,1,1,2020-01-01,5332.94,2.45,13065.7,INDEC serie reciente
2020,1,2,2020-02-01,5432.32,2.43,13200.54,INDEC serie reciente
2020,1,3,2020-03-01,5615.94,2.42,13590.57,INDEC serie reciente
2020,2,4,2020-04-01,5791.79,2.38,13784.46,INDEC serie reciente
2020,2,5,2020-05-01,5785.01,2.41,13941.87,INDEC serie reciente
2020,2,6,2020-06-01,5834.66,2.43,14178.22,INDEC serie reciente
2020,3,7,2020-07-01,5929.29,2.43,14408.17,INDEC serie reciente
2020,3,8,2020-08-01,6081.69,2.42,14717.69,INDEC serie reciente
2020,3,9,2020-09-01,6288.17,2.43,15280.25,INDEC serie reciente
2020,4,10,2020-10-01,6702.33,2.41,16152.62,INDEC serie reciente
2020,4,11,2020-11-01,6981.61,2.4,16755.86,INDEC serie reciente
2020,4,12,2020-12-01,7340.12,2.39,17542.89,INDEC serie reciente
2021,1,1,2021-01-01,7677.09,2.38,18271.47,INDEC serie reciente
2021,1,2,2021-02-01,7953.14,2.36,18769.41,INDEC serie reciente
2021,1,3,2021-03-01,8312.33,2.37,19700.22,INDEC serie reciente
2021,2,4,2021-04-01,8633.31,2.36,20374.61,INDEC serie reciente
2021,2,5,2021-05-01,8874.89,2.35,20855.99,INDEC serie reciente
2021,2,6,2021-06-01,9195.41,2.34,21517.26,INDEC serie reciente
2021,3,7,2021-07-01,9386.04,2.33,21869.47,INDEC serie reciente
2021,3,8,2021-08-01,9454.13,2.34,22122.66,INDEC serie reciente
2021,3,9,2021-09-01,9713.21,2.35,22826.04,INDEC serie reciente
2021,4,10,2021-10-01,10008.2,2.34,23419.19,INDEC serie reciente
2021,4,11,2021-11-01,10266.79,2.33,23921.62,INDEC serie reciente
2021,4,12,2021-12-01,10667.86,2.31,24642.76,INDEC serie reciente
2022,1,1,2022-01-01,11111.27,2.29,25444.81,INDEC serie reciente
2022,1,2,2022-02-01,12108.08,2.24,27122.1,INDEC serie reciente
2022,1,3,2022-03-01,12900.45,2.25,29026.01,INDEC serie reciente
2022,2,4,2022-04-01,13762.77,2.24,30828.6,INDEC serie reciente
2022,2,5,2022-05-01,14400.84,2.24,32257.88,INDEC serie reciente
2022,2,6,2022-06-01,15056.75,2.24,33727.12,INDEC serie reciente
2022,3,7,2022-07-01,16008.28,2.25,36018.63,INDEC serie reciente
2022,3,8,2022-08-01,17148.8,2.26,38756.29,INDEC serie reciente
2022,3,9,2022-09-01,18359.84,2.26,41493.24,INDEC serie reciente
2022,4,10,2022-10-01,20098.92,2.25,45222.57,INDEC serie reciente
2022,4,11,2022-11-01,20715.93,2.28,47232.32,INDEC serie reciente
2022,4,12,2022-12-01,21743.48,2.27,49357.7,INDEC serie reciente
2023,1,1,2023-01-01,23315.04,2.27,52925.14,INDEC serie reciente
2023,1,2,2023-02-01,26046.32,2.2,57301.9,INDEC serie reciente
2023,1,3,2023-03-01,28388.12,2.18,61886.1,INDEC serie reciente
2023,2,4,2023-04-01,30468.76,2.16,65812.52,INDEC serie reciente
2023,2,5,2023-05-01,32055.87,2.2,70522.91,INDEC serie reciente
2023,2,6,2023-06-01,33730.51,2.23,75219.04,INDEC serie reciente
2023,3,7,2023-07-01,36130.15,2.23,80570.23,INDEC serie reciente
2023,3,8,2023-08-01,42262.25,2.18,92131.7,INDEC serie reciente
2023,3,9,2023-09-01,47857.79,2.16,103372.83,INDEC serie reciente
2023,4,10,2023-10-01,51974.93,2.15,111746.1,INDEC serie reciente
2023,4,11,2023-11-01,59886.86,2.11,126361.27,INDEC serie reciente
2023,4,12,2023-12-01,77889.58,2.06,160452.53,INDEC serie reciente
2024,1,1,2024-01-01,92414.67,2.09,193146.66,INDEC serie reciente
2024,1,2,2024-02-01,104482.59,2.14,223592.74,INDEC serie reciente
2024,1,3,2024-03-01,115873.35,2.16,250286.44,INDEC serie reciente
2024,2,4,2024-04-01,120726.29,2.22,268012.36,INDEC serie reciente
2024,2,5,2024-05-01,125235.49,2.2,275518.08,INDEC serie reciente
2024,2,6,2024-06-01,127287.79,2.22,282578.89,INDEC serie reciente
2024,3,7,2024-07-01,131293.57,2.22,291471.73,INDEC serie reciente
2024,3,8,2024-08-01,136399.3,2.23,304170.44,INDEC serie reciente
2024,3,9,2024-09-01,138744.31,2.25,312174.7,INDEC serie reciente
2024,4,10,2024-10-01,140653.57,2.27,319283.6,INDEC serie reciente
2024,4,11,2024-11-01,142148.73,2.28,324099.1,INDEC serie reciente
2024,4,12,2024-12-01,145408.96,2.28,331532.43,INDEC serie reciente
2025,1,1,2025-01-01,146726.23,2.28,334535.8,INDEC serie reciente
2025,1,2,2025-02-01,151491.17,2.26,342370.04,INDEC serie reciente
2025,1,3,2025-03-01,160393.45,2.22,356073.46,INDEC serie reciente
2025,2,4,2025-04-01,162553.77,2.21,359243.83,INDEC serie reciente
2025,2,5,2025-05-01,161903.21,2.22,359425.13,INDEC serie reciente
2025,2,6,2025-06-01,163756.66,2.23,365177.35,INDEC serie reciente
2025,3,7,2025-07-01,166797.7,2.23,371958.87,INDEC serie reciente
2025,3,8,2025-08-01,168456.04,2.23,375656.97,INDEC serie reciente
2025,3,9,2025-09-01,170788.46,2.23,380858.27,INDEC serie reciente
2025,4,10,2025-10-01,176150.29,2.23,392815.15,INDEC serie reciente
2025,4,11,2025-11-01,183289.46,2.22,406902.6,INDEC serie reciente
2025,4,12,2025-12-01,190780.09,2.22,423531.8,INDEC serie reciente
2026,1,1,2026-01-01,201938.62,2.18,440226.19,INDEC serie reciente
2026,1,2,2026-02-01,208442.85,2.17,452320.98,INDEC serie reciente
2026,1,3,2026-03-01,212948.52,2.18,464227.77,INDEC serie reciente
